to_field,to_desc,from_field,from_factor,Period,Description
CV_AM,Time of Day|Generation fields split into time period|See time_of_day_factors.csv for rates,CV,0.081,AM,Used by 'Field Crosswalk' macro
CV_MD,Time of Day|Generation fields split into time period|See time_of_day_factors.csv for rates,CV,0.481,MD,to_field = to_field + from_field * from_factor
CV_PM,Time of Day|Generation fields split into time period|See time_of_day_factors.csv for rates,CV,0.089,PM,The 'to_desc' gets placed in the TC field description
CV_NT,Time of Day|Generation fields split into time period|See time_of_day_factors.csv for rates,CV,0.349,NT,
CVa_AM,Time of Day|Generation fields split into time period|See time_of_day_factors.csv for rates,CVa,0.081,AM,Non-resident purposes use HBO factors
CVa_MD,Time of Day|Generation fields split into time period|See time_of_day_factors.csv for rates,CVa,0.481,MD,'Period' column included to facilitate manual summary/review
CVa_PM,Time of Day|Generation fields split into time period|See time_of_day_factors.csv for rates,CVa,0.089,PM,
CVa_NT,Time of Day|Generation fields split into time period|See time_of_day_factors.csv for rates,CVa,0.349,NT,CREATION: table created by TimeOfDay.Rmd and University.Rmd
HBO_ihvi_AM,Time of Day|Generation fields split into time period|See time_of_day_factors.csv for rates,HBO_ihvi,0.081,AM,
HBO_ihvi_MD,Time of Day|Generation fields split into time period|See time_of_day_factors.csv for rates,HBO_ihvi,0.481,MD,
HBO_ihvi_PM,Time of Day|Generation fields split into time period|See time_of_day_factors.csv for rates,HBO_ihvi,0.089,PM,
HBO_ihvi_NT,Time of Day|Generation fields split into time period|See time_of_day_factors.csv for rates,HBO_ihvi,0.349,NT,
HBO_ihvs_AM,Time of Day|Generation fields split into time period|See time_of_day_factors.csv for rates,HBO_ihvs,0.081,AM,
HBO_ihvs_MD,Time of Day|Generation fields split into time period|See time_of_day_factors.csv for rates,HBO_ihvs,0.481,MD,
HBO_ihvs_PM,Time of Day|Generation fields split into time period|See time_of_day_factors.csv for rates,HBO_ihvs,0.089,PM,
HBO_ihvs_NT,Time of Day|Generation fields split into time period|See time_of_day_factors.csv for rates,HBO_ihvs,0.349,NT,
HBO_ilvi_AM,Time of Day|Generation fields split into time period|See time_of_day_factors.csv for rates,HBO_ilvi,0.081,AM,
HBO_ilvi_MD,Time of Day|Generation fields split into time period|See time_of_day_factors.csv for rates,HBO_ilvi,0.481,MD,
HBO_ilvi_PM,Time of Day|Generation fields split into time period|See time_of_day_factors.csv for rates,HBO_ilvi,0.089,PM,
HBO_ilvi_NT,Time of Day|Generation fields split into time period|See time_of_day_factors.csv for rates,HBO_ilvi,0.349,NT,
HBO_ilvs_AM,Time of Day|Generation fields split into time period|See time_of_day_factors.csv for rates,HBO_ilvs,0.081,AM,
HBO_ilvs_MD,Time of Day|Generation fields split into time period|See time_of_day_factors.csv for rates,HBO_ilvs,0.481,MD,
HBO_ilvs_PM,Time of Day|Generation fields split into time period|See time_of_day_factors.csv for rates,HBO_ilvs,0.089,PM,
HBO_ilvs_NT,Time of Day|Generation fields split into time period|See time_of_day_factors.csv for rates,HBO_ilvs,0.349,NT,
HBO_v0_AM,Time of Day|Generation fields split into time period|See time_of_day_factors.csv for rates,HBO_v0,0.081,AM,
HBO_v0_MD,Time of Day|Generation fields split into time period|See time_of_day_factors.csv for rates,HBO_v0,0.481,MD,
HBO_v0_PM,Time of Day|Generation fields split into time period|See time_of_day_factors.csv for rates,HBO_v0,0.089,PM,
HBO_v0_NT,Time of Day|Generation fields split into time period|See time_of_day_factors.csv for rates,HBO_v0,0.349,NT,
HBOa_ihvi_AM,Time of Day|Generation fields split into time period|See time_of_day_factors.csv for rates,HBOa_ihvi,0.081,AM,
HBOa_ihvi_MD,Time of Day|Generation fields split into time period|See time_of_day_factors.csv for rates,HBOa_ihvi,0.481,MD,
HBOa_ihvi_PM,Time of Day|Generation fields split into time period|See time_of_day_factors.csv for rates,HBOa_ihvi,0.089,PM,
HBOa_ihvi_NT,Time of Day|Generation fields split into time period|See time_of_day_factors.csv for rates,HBOa_ihvi,0.349,NT,
HBOa_ihvs_AM,Time of Day|Generation fields split into time period|See time_of_day_factors.csv for rates,HBOa_ihvs,0.081,AM,
HBOa_ihvs_MD,Time of Day|Generation fields split into time period|See time_of_day_factors.csv for rates,HBOa_ihvs,0.481,MD,
HBOa_ihvs_PM,Time of Day|Generation fields split into time period|See time_of_day_factors.csv for rates,HBOa_ihvs,0.089,PM,
HBOa_ihvs_NT,Time of Day|Generation fields split into time period|See time_of_day_factors.csv for rates,HBOa_ihvs,0.349,NT,
HBOa_ilvi_AM,Time of Day|Generation fields split into time period|See time_of_day_factors.csv for rates,HBOa_ilvi,0.081,AM,
HBOa_ilvi_MD,Time of Day|Generation fields split into time period|See time_of_day_factors.csv for rates,HBOa_ilvi,0.481,MD,
HBOa_ilvi_PM,Time of Day|Generation fields split into time period|See time_of_day_factors.csv for rates,HBOa_ilvi,0.089,PM,
HBOa_ilvi_NT,Time of Day|Generation fields split into time period|See time_of_day_factors.csv for rates,HBOa_ilvi,0.349,NT,
HBOa_ilvs_AM,Time of Day|Generation fields split into time period|See time_of_day_factors.csv for rates,HBOa_ilvs,0.081,AM,
HBOa_ilvs_MD,Time of Day|Generation fields split into time period|See time_of_day_factors.csv for rates,HBOa_ilvs,0.481,MD,
HBOa_ilvs_PM,Time of Day|Generation fields split into time period|See time_of_day_factors.csv for rates,HBOa_ilvs,0.089,PM,
HBOa_ilvs_NT,Time of Day|Generation fields split into time period|See time_of_day_factors.csv for rates,HBOa_ilvs,0.349,NT,
HBOa_v0_AM,Time of Day|Generation fields split into time period|See time_of_day_factors.csv for rates,HBOa_v0,0.081,AM,
HBOa_v0_MD,Time of Day|Generation fields split into time period|See time_of_day_factors.csv for rates,HBOa_v0,0.481,MD,
HBOa_v0_PM,Time of Day|Generation fields split into time period|See time_of_day_factors.csv for rates,HBOa_v0,0.089,PM,
HBOa_v0_NT,Time of Day|Generation fields split into time period|See time_of_day_factors.csv for rates,HBOa_v0,0.349,NT,
HBSC_AM,Time of Day|Generation fields split into time period|See time_of_day_factors.csv for rates,HBSC,0.383,AM,
HBSC_MD,Time of Day|Generation fields split into time period|See time_of_day_factors.csv for rates,HBSC,0.484,MD,
HBSC_PM,Time of Day|Generation fields split into time period|See time_of_day_factors.csv for rates,HBSC,0.026,PM,
HBSC_NT,Time of Day|Generation fields split into time period|See time_of_day_factors.csv for rates,HBSC,0.107,NT,
HBSCa_AM,Time of Day|Generation fields split into time period|See time_of_day_factors.csv for rates,HBSCa,0.383,AM,
HBSCa_MD,Time of Day|Generation fields split into time period|See time_of_day_factors.csv for rates,HBSCa,0.484,MD,
HBSCa_PM,Time of Day|Generation fields split into time period|See time_of_day_factors.csv for rates,HBSCa,0.026,PM,
HBSCa_NT,Time of Day|Generation fields split into time period|See time_of_day_factors.csv for rates,HBSCa,0.107,NT,
HBSH_AM,Time of Day|Generation fields split into time period|See time_of_day_factors.csv for rates,HBSH,0.024,AM,
HBSH_MD,Time of Day|Generation fields split into time period|See time_of_day_factors.csv for rates,HBSH,0.589,MD,
HBSH_PM,Time of Day|Generation fields split into time period|See time_of_day_factors.csv for rates,HBSH,0.09,PM,
HBSH_NT,Time of Day|Generation fields split into time period|See time_of_day_factors.csv for rates,HBSH,0.297,NT,
HBSHa_AM,Time of Day|Generation fields split into time period|See time_of_day_factors.csv for rates,HBSHa,0.024,AM,
HBSHa_MD,Time of Day|Generation fields split into time period|See time_of_day_factors.csv for rates,HBSHa,0.589,MD,
HBSHa_PM,Time of Day|Generation fields split into time period|See time_of_day_factors.csv for rates,HBSHa,0.09,PM,
HBSHa_NT,Time of Day|Generation fields split into time period|See time_of_day_factors.csv for rates,HBSHa,0.297,NT,
HBW_ihvi_AM,Time of Day|Generation fields split into time period|See time_of_day_factors.csv for rates,HBW_ihvi,0.181,AM,
HBW_ihvi_MD,Time of Day|Generation fields split into time period|See time_of_day_factors.csv for rates,HBW_ihvi,0.388,MD,
HBW_ihvi_PM,Time of Day|Generation fields split into time period|See time_of_day_factors.csv for rates,HBW_ihvi,0.129,PM,
HBW_ihvi_NT,Time of Day|Generation fields split into time period|See time_of_day_factors.csv for rates,HBW_ihvi,0.302,NT,
HBW_ihvs_AM,Time of Day|Generation fields split into time period|See time_of_day_factors.csv for rates,HBW_ihvs,0.181,AM,
HBW_ihvs_MD,Time of Day|Generation fields split into time period|See time_of_day_factors.csv for rates,HBW_ihvs,0.388,MD,
HBW_ihvs_PM,Time of Day|Generation fields split into time period|See time_of_day_factors.csv for rates,HBW_ihvs,0.129,PM,
HBW_ihvs_NT,Time of Day|Generation fields split into time period|See time_of_day_factors.csv for rates,HBW_ihvs,0.302,NT,
HBW_ilvi_AM,Time of Day|Generation fields split into time period|See time_of_day_factors.csv for rates,HBW_ilvi,0.181,AM,
HBW_ilvi_MD,Time of Day|Generation fields split into time period|See time_of_day_factors.csv for rates,HBW_ilvi,0.388,MD,
HBW_ilvi_PM,Time of Day|Generation fields split into time period|See time_of_day_factors.csv for rates,HBW_ilvi,0.129,PM,
HBW_ilvi_NT,Time of Day|Generation fields split into time period|See time_of_day_factors.csv for rates,HBW_ilvi,0.302,NT,
HBW_ilvs_AM,Time of Day|Generation fields split into time period|See time_of_day_factors.csv for rates,HBW_ilvs,0.181,AM,
HBW_ilvs_MD,Time of Day|Generation fields split into time period|See time_of_day_factors.csv for rates,HBW_ilvs,0.388,MD,
HBW_ilvs_PM,Time of Day|Generation fields split into time period|See time_of_day_factors.csv for rates,HBW_ilvs,0.129,PM,
HBW_ilvs_NT,Time of Day|Generation fields split into time period|See time_of_day_factors.csv for rates,HBW_ilvs,0.302,NT,
HBW_v0_AM,Time of Day|Generation fields split into time period|See time_of_day_factors.csv for rates,HBW_v0,0.181,AM,
HBW_v0_MD,Time of Day|Generation fields split into time period|See time_of_day_factors.csv for rates,HBW_v0,0.388,MD,
HBW_v0_PM,Time of Day|Generation fields split into time period|See time_of_day_factors.csv for rates,HBW_v0,0.129,PM,
HBW_v0_NT,Time of Day|Generation fields split into time period|See time_of_day_factors.csv for rates,HBW_v0,0.302,NT,
HBWa_ihvi_AM,Time of Day|Generation fields split into time period|See time_of_day_factors.csv for rates,HBWa_ihvi,0.181,AM,
HBWa_ihvi_MD,Time of Day|Generation fields split into time period|See time_of_day_factors.csv for rates,HBWa_ihvi,0.388,MD,
HBWa_ihvi_PM,Time of Day|Generation fields split into time period|See time_of_day_factors.csv for rates,HBWa_ihvi,0.129,PM,
HBWa_ihvi_NT,Time of Day|Generation fields split into time period|See time_of_day_factors.csv for rates,HBWa_ihvi,0.302,NT,
HBWa_ihvs_AM,Time of Day|Generation fields split into time period|See time_of_day_factors.csv for rates,HBWa_ihvs,0.181,AM,
HBWa_ihvs_MD,Time of Day|Generation fields split into time period|See time_of_day_factors.csv for rates,HBWa_ihvs,0.388,MD,
HBWa_ihvs_PM,Time of Day|Generation fields split into time period|See time_of_day_factors.csv for rates,HBWa_ihvs,0.129,PM,
HBWa_ihvs_NT,Time of Day|Generation fields split into time period|See time_of_day_factors.csv for rates,HBWa_ihvs,0.302,NT,
HBWa_ilvi_AM,Time of Day|Generation fields split into time period|See time_of_day_factors.csv for rates,HBWa_ilvi,0.181,AM,
HBWa_ilvi_MD,Time of Day|Generation fields split into time period|See time_of_day_factors.csv for rates,HBWa_ilvi,0.388,MD,
HBWa_ilvi_PM,Time of Day|Generation fields split into time period|See time_of_day_factors.csv for rates,HBWa_ilvi,0.129,PM,
HBWa_ilvi_NT,Time of Day|Generation fields split into time period|See time_of_day_factors.csv for rates,HBWa_ilvi,0.302,NT,
HBWa_ilvs_AM,Time of Day|Generation fields split into time period|See time_of_day_factors.csv for rates,HBWa_ilvs,0.181,AM,
HBWa_ilvs_MD,Time of Day|Generation fields split into time period|See time_of_day_factors.csv for rates,HBWa_ilvs,0.388,MD,
HBWa_ilvs_PM,Time of Day|Generation fields split into time period|See time_of_day_factors.csv for rates,HBWa_ilvs,0.129,PM,
HBWa_ilvs_NT,Time of Day|Generation fields split into time period|See time_of_day_factors.csv for rates,HBWa_ilvs,0.302,NT,
HBWa_v0_AM,Time of Day|Generation fields split into time period|See time_of_day_factors.csv for rates,HBWa_v0,0.181,AM,
HBWa_v0_MD,Time of Day|Generation fields split into time period|See time_of_day_factors.csv for rates,HBWa_v0,0.388,MD,
HBWa_v0_PM,Time of Day|Generation fields split into time period|See time_of_day_factors.csv for rates,HBWa_v0,0.129,PM,
HBWa_v0_NT,Time of Day|Generation fields split into time period|See time_of_day_factors.csv for rates,HBWa_v0,0.302,NT,
IEEI_AM,Time of Day|Generation fields split into time period|See time_of_day_factors.csv for rates,IEEI,0.081,AM,
IEEI_MD,Time of Day|Generation fields split into time period|See time_of_day_factors.csv for rates,IEEI,0.481,MD,
IEEI_PM,Time of Day|Generation fields split into time period|See time_of_day_factors.csv for rates,IEEI,0.089,PM,
IEEI_NT,Time of Day|Generation fields split into time period|See time_of_day_factors.csv for rates,IEEI,0.349,NT,
IEEIa_AM,Time of Day|Generation fields split into time period|See time_of_day_factors.csv for rates,IEEIa,0.081,AM,
IEEIa_MD,Time of Day|Generation fields split into time period|See time_of_day_factors.csv for rates,IEEIa,0.481,MD,
IEEIa_PM,Time of Day|Generation fields split into time period|See time_of_day_factors.csv for rates,IEEIa,0.089,PM,
IEEIa_NT,Time of Day|Generation fields split into time period|See time_of_day_factors.csv for rates,IEEIa,0.349,NT,
MUT_AM,Time of Day|Generation fields split into time period|See time_of_day_factors.csv for rates,MUT,0.081,AM,
MUT_MD,Time of Day|Generation fields split into time period|See time_of_day_factors.csv for rates,MUT,0.481,MD,
MUT_PM,Time of Day|Generation fields split into time period|See time_of_day_factors.csv for rates,MUT,0.089,PM,
MUT_NT,Time of Day|Generation fields split into time period|See time_of_day_factors.csv for rates,MUT,0.349,NT,
MUTa_AM,Time of Day|Generation fields split into time period|See time_of_day_factors.csv for rates,MUTa,0.081,AM,
MUTa_MD,Time of Day|Generation fields split into time period|See time_of_day_factors.csv for rates,MUTa,0.481,MD,
MUTa_PM,Time of Day|Generation fields split into time period|See time_of_day_factors.csv for rates,MUTa,0.089,PM,
MUTa_NT,Time of Day|Generation fields split into time period|See time_of_day_factors.csv for rates,MUTa,0.349,NT,
NHBO_AM,Time of Day|Generation fields split into time period|See time_of_day_factors.csv for rates,NHBO,0.032,AM,
NHBO_MD,Time of Day|Generation fields split into time period|See time_of_day_factors.csv for rates,NHBO,0.713,MD,
NHBO_PM,Time of Day|Generation fields split into time period|See time_of_day_factors.csv for rates,NHBO,0.089,PM,
NHBO_NT,Time of Day|Generation fields split into time period|See time_of_day_factors.csv for rates,NHBO,0.166,NT,
NHBOa_AM,Time of Day|Generation fields split into time period|See time_of_day_factors.csv for rates,NHBOa,0.032,AM,
NHBOa_MD,Time of Day|Generation fields split into time period|See time_of_day_factors.csv for rates,NHBOa,0.713,MD,
NHBOa_PM,Time of Day|Generation fields split into time period|See time_of_day_factors.csv for rates,NHBOa,0.089,PM,
NHBOa_NT,Time of Day|Generation fields split into time period|See time_of_day_factors.csv for rates,NHBOa,0.166,NT,
NHBW_AM,Time of Day|Generation fields split into time period|See time_of_day_factors.csv for rates,NHBW,0.049,AM,
NHBW_MD,Time of Day|Generation fields split into time period|See time_of_day_factors.csv for rates,NHBW,0.78,MD,
NHBW_PM,Time of Day|Generation fields split into time period|See time_of_day_factors.csv for rates,NHBW,0.086,PM,
NHBW_NT,Time of Day|Generation fields split into time period|See time_of_day_factors.csv for rates,NHBW,0.085,NT,
NHBWa_AM,Time of Day|Generation fields split into time period|See time_of_day_factors.csv for rates,NHBWa,0.049,AM,
NHBWa_MD,Time of Day|Generation fields split into time period|See time_of_day_factors.csv for rates,NHBWa,0.78,MD,
NHBWa_PM,Time of Day|Generation fields split into time period|See time_of_day_factors.csv for rates,NHBWa,0.086,PM,
NHBWa_NT,Time of Day|Generation fields split into time period|See time_of_day_factors.csv for rates,NHBWa,0.085,NT,
SUT_AM,Time of Day|Generation fields split into time period|See time_of_day_factors.csv for rates,SUT,0.081,AM,
SUT_MD,Time of Day|Generation fields split into time period|See time_of_day_factors.csv for rates,SUT,0.481,MD,
SUT_PM,Time of Day|Generation fields split into time period|See time_of_day_factors.csv for rates,SUT,0.089,PM,
SUT_NT,Time of Day|Generation fields split into time period|See time_of_day_factors.csv for rates,SUT,0.349,NT,
SUTa_AM,Time of Day|Generation fields split into time period|See time_of_day_factors.csv for rates,SUTa,0.081,AM,
SUTa_MD,Time of Day|Generation fields split into time period|See time_of_day_factors.csv for rates,SUTa,0.481,MD,
SUTa_PM,Time of Day|Generation fields split into time period|See time_of_day_factors.csv for rates,SUTa,0.089,PM,
SUTa_NT,Time of Day|Generation fields split into time period|See time_of_day_factors.csv for rates,SUTa,0.349,NT,
HBUV_AM,Time of Day|Generation fields split into time period|See time_of_day_factors.csv for rates,HBUV,0.10099999999999999,AM,
HBUV_MD,Time of Day|Generation fields split into time period|See time_of_day_factors.csv for rates,HBUV,0.645,MD,
HBUV_NT,Time of Day|Generation fields split into time period|See time_of_day_factors.csv for rates,HBUV,0.182,NT,
HBUV_PM,Time of Day|Generation fields split into time period|See time_of_day_factors.csv for rates,HBUV,0.07200000000000001,PM,
HBUR_AM,Time of Day|Generation fields split into time period|See time_of_day_factors.csv for rates,HBUR,0.10099999999999999,AM,
HBUR_MD,Time of Day|Generation fields split into time period|See time_of_day_factors.csv for rates,HBUR,0.645,MD,
HBUR_NT,Time of Day|Generation fields split into time period|See time_of_day_factors.csv for rates,HBUR,0.182,NT,
HBUR_PM,Time of Day|Generation fields split into time period|See time_of_day_factors.csv for rates,HBUR,0.07200000000000001,PM,
HBUVa_AM,Time of Day|Generation fields split into time period|See time_of_day_factors.csv for rates,HBUVa,0.10099999999999999,AM,
HBUVa_MD,Time of Day|Generation fields split into time period|See time_of_day_factors.csv for rates,HBUVa,0.645,MD,
HBUVa_NT,Time of Day|Generation fields split into time period|See time_of_day_factors.csv for rates,HBUVa,0.182,NT,
HBUVa_PM,Time of Day|Generation fields split into time period|See time_of_day_factors.csv for rates,HBUVa,0.07200000000000001,PM,
HBURa_AM,Time of Day|Generation fields split into time period|See time_of_day_factors.csv for rates,HBURa,0.10099999999999999,AM,
HBURa_MD,Time of Day|Generation fields split into time period|See time_of_day_factors.csv for rates,HBURa,0.645,MD,
HBURa_NT,Time of Day|Generation fields split into time period|See time_of_day_factors.csv for rates,HBURa,0.182,NT,
HBURa_PM,Time of Day|Generation fields split into time period|See time_of_day_factors.csv for rates,HBURa,0.07200000000000001,PM,
sHBO_AM,Time of Day|Generation fields split into time period|See time_of_day_factors.csv for rates,sHBO,0.04,AM,
sHBO_MD,Time of Day|Generation fields split into time period|See time_of_day_factors.csv for rates,sHBO,0.35100000000000003,MD,
sHBO_NT,Time of Day|Generation fields split into time period|See time_of_day_factors.csv for rates,sHBO,0.545,NT,
sHBO_PM,Time of Day|Generation fields split into time period|See time_of_day_factors.csv for rates,sHBO,0.064,PM,
sHBW_AM,Time of Day|Generation fields split into time period|See time_of_day_factors.csv for rates,sHBW,0.083,AM,
sHBW_MD,Time of Day|Generation fields split into time period|See time_of_day_factors.csv for rates,sHBW,0.436,MD,
sHBW_NT,Time of Day|Generation fields split into time period|See time_of_day_factors.csv for rates,sHBW,0.327,NT,
sHBW_PM,Time of Day|Generation fields split into time period|See time_of_day_factors.csv for rates,sHBW,0.154,PM,
sNHB_AM,Time of Day|Generation fields split into time period|See time_of_day_factors.csv for rates,sNHB,0.013999999999999999,AM,
sNHB_MD,Time of Day|Generation fields split into time period|See time_of_day_factors.csv for rates,sNHB,0.665,MD,
sNHB_NT,Time of Day|Generation fields split into time period|See time_of_day_factors.csv for rates,sNHB,0.259,NT,
sNHB_PM,Time of Day|Generation fields split into time period|See time_of_day_factors.csv for rates,sNHB,0.062,PM,
sHBOa_AM,Time of Day|Generation fields split into time period|See time_of_day_factors.csv for rates,sHBOa,0.04,AM,
sHBOa_MD,Time of Day|Generation fields split into time period|See time_of_day_factors.csv for rates,sHBOa,0.35100000000000003,MD,
sHBOa_NT,Time of Day|Generation fields split into time period|See time_of_day_factors.csv for rates,sHBOa,0.545,NT,
sHBOa_PM,Time of Day|Generation fields split into time period|See time_of_day_factors.csv for rates,sHBOa,0.064,PM,
sHBWa_AM,Time of Day|Generation fields split into time period|See time_of_day_factors.csv for rates,sHBWa,0.083,AM,
sHBWa_MD,Time of Day|Generation fields split into time period|See time_of_day_factors.csv for rates,sHBWa,0.436,MD,
sHBWa_NT,Time of Day|Generation fields split into time period|See time_of_day_factors.csv for rates,sHBWa,0.327,NT,
sHBWa_PM,Time of Day|Generation fields split into time period|See time_of_day_factors.csv for rates,sHBWa,0.154,PM,
sNHBa_AM,Time of Day|Generation fields split into time period|See time_of_day_factors.csv for rates,sNHBa,0.013999999999999999,AM,
sNHBa_MD,Time of Day|Generation fields split into time period|See time_of_day_factors.csv for rates,sNHBa,0.665,MD,
sNHBa_NT,Time of Day|Generation fields split into time period|See time_of_day_factors.csv for rates,sNHBa,0.259,NT,
sNHBa_PM,Time of Day|Generation fields split into time period|See time_of_day_factors.csv for rates,sNHBa,0.062,PM,
