purpose,segment,section,term,value,description
default,default,nest_coeff,auto,0.7,This file lists coefficients for the mode choice model by purpose and
default,default,nest_coeff,transit,0.7,segment. MC nesting structure can be viewed in the template.mdl file.
default,default,nest_coeff,nonmotorized,0.7,
default,default,nest_coeff,sr,0.7,
default,default,nest_coeff,walk_acc,0.7,CREATION: Created manually. Coefficients borrowed from Hartford CT
default,default,nest_coeff,pnr_acc,0.7,
default,default,nest_coeff,knr_acc,0.7,
HBW,v0,asc,da,-999,Alternative-specific constants
HBW,v0,asc,sr2,0,
HBW,v0,asc,sr3,-1.83471,During calibration ASCs of -999 and 0 are not modified.
HBW,v0,asc,walk,1.692374,0: sets the reference alternatives
HBW,v0,asc,bike,-0.111661,-999: effectively turns off an alternative
HBW,v0,asc,w_lb,-5.292398,
HBW,v0,asc,pnr_lb,-5.292398,
HBW,v0,asc,knr_lb,-5.292398,
HBW,v0,asc,w_eb,-5.292398,
HBW,v0,asc,pnr_eb,-5.292398,
HBW,v0,asc,knr_eb,-5.292398,
HBW,v0,asc,w_brt,0.1,
HBW,v0,asc,pnr_brt,0.1,
HBW,v0,asc,knr_brt,0.1,
HBW,v0,asc,w_cr,0.1,
HBW,v0,asc,pnr_cr,0.1,
HBW,v0,asc,knr_cr,0.1,
HBW,v0,coeff,auto_op_cost,-0.16315,Coefficients on utility terms
HBW,v0,coeff,ivt_drive,-0.025,
HBW,v0,coeff,nm_time1,-0.0625,
HBW,v0,coeff,nm_time2,-0.09375,
HBW,v0,coeff,fare,-0.423,
HBW,v0,coeff,ivt_transit,-0.025,
HBW,v0,coeff,dwell_time,-0.025,
HBW,v0,coeff,initial_wait1,-0.05625,
HBW,v0,coeff,initial_wait2,-0.025,
HBW,v0,coeff,xfer_wait_time,-0.0625,
HBW,v0,coeff,access_walk_time,-0.0625,
HBW,v0,coeff,egress_walk_time,-0.0625,
HBW,v0,coeff,access_drive_time,-0.05625,
HBW,v0,coeff,egress_drive_time,-0.05625,
HBW,v0,coeff,xfer_walk_time,-0.0625,
HBW,ilvi,asc,da,0,
HBW,ilvi,asc,sr2,-1.54361,
HBW,ilvi,asc,sr3,-1.83471,
HBW,ilvi,asc,walk,1.692374,
HBW,ilvi,asc,bike,-0.111661,
HBW,ilvi,asc,w_lb,-5.292398,
HBW,ilvi,asc,pnr_lb,-5.292398,
HBW,ilvi,asc,knr_lb,-5.292398,
HBW,ilvi,asc,w_eb,-5.292398,
HBW,ilvi,asc,pnr_eb,-5.292398,
HBW,ilvi,asc,knr_eb,-5.292398,
HBW,ilvi,asc,w_brt,0.1,
HBW,ilvi,asc,pnr_brt,0.1,
HBW,ilvi,asc,knr_brt,0.1,
HBW,ilvi,asc,w_cr,0.1,
HBW,ilvi,asc,pnr_cr,0.1,
HBW,ilvi,asc,knr_cr,0.1,
HBW,ilvi,coeff,auto_op_cost,-0.16315,
HBW,ilvi,coeff,ivt_drive,-0.025,
HBW,ilvi,coeff,nm_time1,-0.0625,
HBW,ilvi,coeff,nm_time2,-0.09375,
HBW,ilvi,coeff,fare,-0.228,
HBW,ilvi,coeff,ivt_transit,-0.025,
HBW,ilvi,coeff,dwell_time,-0.025,
HBW,ilvi,coeff,initial_wait1,-0.05625,
HBW,ilvi,coeff,initial_wait2,-0.025,
HBW,ilvi,coeff,xfer_wait_time,-0.0625,
HBW,ilvi,coeff,access_walk_time,-0.0625,
HBW,ilvi,coeff,egress_walk_time,-0.0625,
HBW,ilvi,coeff,access_drive_time,-0.05625,
HBW,ilvi,coeff,egress_drive_time,-0.05625,
HBW,ilvi,coeff,xfer_walk_time,-0.0625,
HBW,ilvs,asc,da,0,
HBW,ilvs,asc,sr2,-1.54361,
HBW,ilvs,asc,sr3,-1.83471,
HBW,ilvs,asc,walk,1.692374,
HBW,ilvs,asc,bike,-0.111661,
HBW,ilvs,asc,w_lb,-5.292398,
HBW,ilvs,asc,pnr_lb,-5.292398,
HBW,ilvs,asc,knr_lb,-5.292398,
HBW,ilvs,asc,w_eb,-5.292398,
HBW,ilvs,asc,pnr_eb,-5.292398,
HBW,ilvs,asc,knr_eb,-5.292398,
HBW,ilvs,asc,w_brt,0.1,
HBW,ilvs,asc,pnr_brt,0.1,
HBW,ilvs,asc,knr_brt,0.1,
HBW,ilvs,asc,w_cr,0.1,
HBW,ilvs,asc,pnr_cr,0.1,
HBW,ilvs,asc,knr_cr,0.1,
HBW,ilvs,coeff,auto_op_cost,-0.16315,
HBW,ilvs,coeff,ivt_drive,-0.025,
HBW,ilvs,coeff,nm_time1,-0.0625,
HBW,ilvs,coeff,nm_time2,-0.09375,
HBW,ilvs,coeff,fare,-0.26,
HBW,ilvs,coeff,ivt_transit,-0.025,
HBW,ilvs,coeff,dwell_time,-0.025,
HBW,ilvs,coeff,initial_wait1,-0.05625,
HBW,ilvs,coeff,initial_wait2,-0.025,
HBW,ilvs,coeff,xfer_wait_time,-0.0625,
HBW,ilvs,coeff,access_walk_time,-0.0625,
HBW,ilvs,coeff,egress_walk_time,-0.0625,
HBW,ilvs,coeff,access_drive_time,-0.05625,
HBW,ilvs,coeff,egress_drive_time,-0.05625,
HBW,ilvs,coeff,xfer_walk_time,-0.0625,
HBW,ihvi,asc,da,0,
HBW,ihvi,asc,sr2,-1.726926,
HBW,ihvi,asc,sr3,-2.147934,
HBW,ihvi,asc,walk,0.435762,
HBW,ihvi,asc,bike,-2.804738,
HBW,ihvi,asc,w_lb,-10.189919,
HBW,ihvi,asc,pnr_lb,-10.189919,
HBW,ihvi,asc,knr_lb,-10.189919,
HBW,ihvi,asc,w_eb,-10.189919,
HBW,ihvi,asc,pnr_eb,-10.189919,
HBW,ihvi,asc,knr_eb,-10.189919,
HBW,ihvi,asc,w_brt,0.1,
HBW,ihvi,asc,pnr_brt,0.1,
HBW,ihvi,asc,knr_brt,0.1,
HBW,ihvi,asc,w_cr,0.1,
HBW,ihvi,asc,pnr_cr,0.1,
HBW,ihvi,asc,knr_cr,0.1,
HBW,ihvi,coeff,auto_op_cost,-0.09023,
HBW,ihvi,coeff,ivt_drive,-0.025,
HBW,ihvi,coeff,nm_time1,-0.0625,
HBW,ihvi,coeff,nm_time2,-0.09375,
HBW,ihvi,coeff,fare,-0.076,
HBW,ihvi,coeff,ivt_transit,-0.025,
HBW,ihvi,coeff,dwell_time,-0.025,
HBW,ihvi,coeff,initial_wait1,-0.05625,
HBW,ihvi,coeff,initial_wait2,-0.025,
HBW,ihvi,coeff,xfer_wait_time,-0.0625,
HBW,ihvi,coeff,access_walk_time,-0.0625,
HBW,ihvi,coeff,egress_walk_time,-0.0625,
HBW,ihvi,coeff,access_drive_time,-0.05625,
HBW,ihvi,coeff,egress_drive_time,-0.05625,
HBW,ihvi,coeff,xfer_walk_time,-0.0625,
HBW,ihvs,asc,da,0,
HBW,ihvs,asc,sr2,-1.726926,
HBW,ihvs,asc,sr3,-2.147934,
HBW,ihvs,asc,walk,0.435762,
HBW,ihvs,asc,bike,-2.804738,
HBW,ihvs,asc,w_lb,-10.189919,
HBW,ihvs,asc,pnr_lb,-10.189919,
HBW,ihvs,asc,knr_lb,-10.189919,
HBW,ihvs,asc,w_eb,-10.189919,
HBW,ihvs,asc,pnr_eb,-10.189919,
HBW,ihvs,asc,knr_eb,-10.189919,
HBW,ihvs,asc,w_brt,0.1,
HBW,ihvs,asc,pnr_brt,0.1,
HBW,ihvs,asc,knr_brt,0.1,
HBW,ihvs,asc,w_cr,0.1,
HBW,ihvs,asc,pnr_cr,0.1,
HBW,ihvs,asc,knr_cr,0.1,
HBW,ihvs,coeff,auto_op_cost,-0.09023,
HBW,ihvs,coeff,ivt_drive,-0.025,
HBW,ihvs,coeff,nm_time1,-0.0625,
HBW,ihvs,coeff,nm_time2,-0.09375,
HBW,ihvs,coeff,fare,-0.087,
HBW,ihvs,coeff,ivt_transit,-0.025,
HBW,ihvs,coeff,dwell_time,-0.025,
HBW,ihvs,coeff,initial_wait1,-0.05625,
HBW,ihvs,coeff,initial_wait2,-0.025,
HBW,ihvs,coeff,xfer_wait_time,-0.0625,
HBW,ihvs,coeff,access_walk_time,-0.0625,
HBW,ihvs,coeff,egress_walk_time,-0.0625,
HBW,ihvs,coeff,access_drive_time,-0.05625,
HBW,ihvs,coeff,egress_drive_time,-0.05625,
HBW,ihvs,coeff,xfer_walk_time,-0.0625,
HBO,v0,asc,da,-999,
HBO,v0,asc,sr2,0,
HBO,v0,asc,sr3,-0.435021,
HBO,v0,asc,walk,1.533725,
HBO,v0,asc,bike,-1.159122,
HBO,v0,asc,w_lb,-4.478728,
HBO,v0,asc,pnr_lb,-4.478728,
HBO,v0,asc,knr_lb,-4.478728,
HBO,v0,asc,w_eb,-4.478728,
HBO,v0,asc,pnr_eb,-4.478728,
HBO,v0,asc,knr_eb,-4.478728,
HBO,v0,asc,w_brt,0.1,
HBO,v0,asc,pnr_brt,0.1,
HBO,v0,asc,knr_brt,0.1,
HBO,v0,asc,w_cr,0.1,
HBO,v0,asc,pnr_cr,0.1,
HBO,v0,asc,knr_cr,0.1,
HBO,v0,coeff,auto_op_cost,-0.24472,
HBO,v0,coeff,ivt_drive,-0.015,
HBO,v0,coeff,nm_time1,-0.0625,
HBO,v0,coeff,nm_time2,-0.09375,
HBO,v0,coeff,fare,-0.234,
HBO,v0,coeff,ivt_transit,-0.025,
HBO,v0,coeff,dwell_time,-0.025,
HBO,v0,coeff,initial_wait1,-0.05625,
HBO,v0,coeff,initial_wait2,-0.025,
HBO,v0,coeff,xfer_wait_time,-0.0625,
HBO,v0,coeff,access_walk_time,-0.0625,
HBO,v0,coeff,egress_walk_time,-0.0625,
HBO,v0,coeff,access_drive_time,-0.05625,
HBO,v0,coeff,egress_drive_time,-0.05625,
HBO,v0,coeff,xfer_walk_time,-0.0625,
HBO,ilvi,asc,da,0,
HBO,ilvi,asc,sr2,-0.041662,
HBO,ilvi,asc,sr3,-0.435021,
HBO,ilvi,asc,walk,1.533725,
HBO,ilvi,asc,bike,-1.159122,
HBO,ilvi,asc,w_lb,-4.478728,
HBO,ilvi,asc,pnr_lb,-4.478728,
HBO,ilvi,asc,knr_lb,-4.478728,
HBO,ilvi,asc,w_eb,-4.478728,
HBO,ilvi,asc,pnr_eb,-4.478728,
HBO,ilvi,asc,knr_eb,-4.478728,
HBO,ilvi,asc,w_brt,0.1,
HBO,ilvi,asc,pnr_brt,0.1,
HBO,ilvi,asc,knr_brt,0.1,
HBO,ilvi,asc,w_cr,0.1,
HBO,ilvi,asc,pnr_cr,0.1,
HBO,ilvi,asc,knr_cr,0.1,
HBO,ilvi,coeff,auto_op_cost,-0.24472,
HBO,ilvi,coeff,ivt_drive,-0.015,
HBO,ilvi,coeff,nm_time1,-0.0375,
HBO,ilvi,coeff,nm_time2,-0.05625,
HBO,ilvi,coeff,fare,-0.234,
HBO,ilvi,coeff,ivt_transit,-0.015,
HBO,ilvi,coeff,dwell_time,-0.015,
HBO,ilvi,coeff,initial_wait1,-0.03375,
HBO,ilvi,coeff,initial_wait2,-0.015,
HBO,ilvi,coeff,xfer_wait_time,-0.0375,
HBO,ilvi,coeff,access_walk_time,-0.0375,
HBO,ilvi,coeff,egress_walk_time,-0.0375,
HBO,ilvi,coeff,access_drive_time,-0.03375,
HBO,ilvi,coeff,egress_drive_time,-0.03375,
HBO,ilvi,coeff,xfer_walk_time,-0.0375,
HBO,ilvs,asc,da,0,
HBO,ilvs,asc,sr2,-0.041662,
HBO,ilvs,asc,sr3,-0.435021,
HBO,ilvs,asc,walk,1.533725,
HBO,ilvs,asc,bike,-1.159122,
HBO,ilvs,asc,w_lb,-4.478728,
HBO,ilvs,asc,pnr_lb,-4.478728,
HBO,ilvs,asc,knr_lb,-4.478728,
HBO,ilvs,asc,w_eb,-4.478728,
HBO,ilvs,asc,pnr_eb,-4.478728,
HBO,ilvs,asc,knr_eb,-4.478728,
HBO,ilvs,asc,w_brt,0.1,
HBO,ilvs,asc,pnr_brt,0.1,
HBO,ilvs,asc,knr_brt,0.1,
HBO,ilvs,asc,w_cr,0.1,
HBO,ilvs,asc,pnr_cr,0.1,
HBO,ilvs,asc,knr_cr,0.1,
HBO,ilvs,coeff,auto_op_cost,-0.24472,
HBO,ilvs,coeff,ivt_drive,-0.015,
HBO,ilvs,coeff,nm_time1,-0.0375,
HBO,ilvs,coeff,nm_time2,-0.05625,
HBO,ilvs,coeff,fare,-0.234,
HBO,ilvs,coeff,ivt_transit,-0.015,
HBO,ilvs,coeff,dwell_time,-0.015,
HBO,ilvs,coeff,initial_wait1,-0.03375,
HBO,ilvs,coeff,initial_wait2,-0.015,
HBO,ilvs,coeff,xfer_wait_time,-0.0375,
HBO,ilvs,coeff,access_walk_time,-0.0375,
HBO,ilvs,coeff,egress_walk_time,-0.0375,
HBO,ilvs,coeff,access_drive_time,-0.03375,
HBO,ilvs,coeff,egress_drive_time,-0.03375,
HBO,ilvs,coeff,xfer_walk_time,-0.0375,
HBO,ihvi,asc,da,0,
HBO,ihvi,asc,sr2,-0.521704,
HBO,ihvi,asc,sr3,-0.813913,
HBO,ihvi,asc,walk,-0.240136,
HBO,ihvi,asc,bike,-3.667266,
HBO,ihvi,asc,w_lb,-9.495654,
HBO,ihvi,asc,pnr_lb,-9.495654,
HBO,ihvi,asc,knr_lb,-9.495654,
HBO,ihvi,asc,w_eb,-9.495654,
HBO,ihvi,asc,pnr_eb,-9.495654,
HBO,ihvi,asc,knr_eb,-9.495654,
HBO,ihvi,asc,w_brt,0.1,
HBO,ihvi,asc,pnr_brt,0.1,
HBO,ihvi,asc,knr_brt,0.1,
HBO,ihvi,asc,w_cr,0.1,
HBO,ihvi,asc,pnr_cr,0.1,
HBO,ihvi,asc,knr_cr,0.1,
HBO,ihvi,coeff,auto_op_cost,-0.13535,
HBO,ihvi,coeff,ivt_drive,-0.015,
HBO,ihvi,coeff,nm_time1,-0.0375,
HBO,ihvi,coeff,nm_time2,-0.05625,
HBO,ihvi,coeff,fare,-0.234,
HBO,ihvi,coeff,ivt_transit,-0.015,
HBO,ihvi,coeff,dwell_time,-0.015,
HBO,ihvi,coeff,initial_wait1,-0.03375,
HBO,ihvi,coeff,initial_wait2,-0.015,
HBO,ihvi,coeff,xfer_wait_time,-0.0375,
HBO,ihvi,coeff,access_walk_time,-0.0375,
HBO,ihvi,coeff,egress_walk_time,-0.0375,
HBO,ihvi,coeff,access_drive_time,-0.03375,
HBO,ihvi,coeff,egress_drive_time,-0.03375,
HBO,ihvi,coeff,xfer_walk_time,-0.0375,
HBO,ihvs,asc,da,0,
HBO,ihvs,asc,sr2,-0.521704,
HBO,ihvs,asc,sr3,-0.813913,
HBO,ihvs,asc,walk,-0.240136,
HBO,ihvs,asc,bike,-3.667266,
HBO,ihvs,asc,w_lb,-9.495654,
HBO,ihvs,asc,pnr_lb,-9.495654,
HBO,ihvs,asc,knr_lb,-9.495654,
HBO,ihvs,asc,w_eb,-9.495654,
HBO,ihvs,asc,pnr_eb,-9.495654,
HBO,ihvs,asc,knr_eb,-9.495654,
HBO,ihvs,asc,w_brt,0.1,
HBO,ihvs,asc,pnr_brt,0.1,
HBO,ihvs,asc,knr_brt,0.1,
HBO,ihvs,asc,w_cr,0.1,
HBO,ihvs,asc,pnr_cr,0.1,
HBO,ihvs,asc,knr_cr,0.1,
HBO,ihvs,coeff,auto_op_cost,-0.13535,
HBO,ihvs,coeff,ivt_drive,-0.015,
HBO,ihvs,coeff,nm_time1,-0.0375,
HBO,ihvs,coeff,nm_time2,-0.05625,
HBO,ihvs,coeff,fare,-0.234,
HBO,ihvs,coeff,ivt_transit,-0.015,
HBO,ihvs,coeff,dwell_time,-0.015,
HBO,ihvs,coeff,initial_wait1,-0.03375,
HBO,ihvs,coeff,initial_wait2,-0.015,
HBO,ihvs,coeff,xfer_wait_time,-0.0375,
HBO,ihvs,coeff,access_walk_time,-0.0375,
HBO,ihvs,coeff,egress_walk_time,-0.0375,
HBO,ihvs,coeff,access_drive_time,-0.03375,
HBO,ihvs,coeff,egress_drive_time,-0.03375,
HBO,ihvs,coeff,xfer_walk_time,-0.0375,
HBSC,all,asc,da,0,
HBSC,all,asc,sr2,0.685801,
HBSC,all,asc,sr3,0.648515,
HBSC,all,asc,walk,1.025883,
HBSC,all,asc,bike,0,
HBSC,all,asc,w_lb,-2.098817,
HBSC,all,asc,pnr_lb,-2.098817,
HBSC,all,asc,knr_lb,-2.098817,
HBSC,all,asc,w_eb,-2.098817,
HBSC,all,asc,pnr_eb,-2.098817,
HBSC,all,asc,knr_eb,-2.098817,
HBSC,all,asc,w_brt,0.1,
HBSC,all,asc,pnr_brt,0.1,
HBSC,all,asc,knr_brt,0.1,
HBSC,all,asc,w_cr,0.1,
HBSC,all,asc,pnr_cr,0.1,
HBSC,all,asc,knr_cr,0.1,
HBSC,all,coeff,auto_op_cost,-0.24472,
HBSC,all,coeff,ivt_drive,-0.015,
HBSC,all,coeff,nm_time1,-0.0375,
HBSC,all,coeff,nm_time2,-0.05625,
HBSC,all,coeff,fare,-0.234,
HBSC,all,coeff,ivt_transit,-0.015,
HBSC,all,coeff,dwell_time,-0.015,
HBSC,all,coeff,initial_wait1,-0.03375,
HBSC,all,coeff,initial_wait2,-0.015,
HBSC,all,coeff,xfer_wait_time,-0.0375,
HBSC,all,coeff,access_walk_time,-0.0375,
HBSC,all,coeff,egress_walk_time,-0.0375,
HBSC,all,coeff,access_drive_time,-0.03375,
HBSC,all,coeff,egress_drive_time,-0.03375,
HBSC,all,coeff,xfer_walk_time,-0.0375,
NHB,all,asc,da,0,
NHB,all,asc,sr2,-0.517486,
NHB,all,asc,sr3,-0.809642,
NHB,all,asc,walk,-0.317759,
NHB,all,asc,bike,-2.992526,
NHB,all,asc,w_lb,-5.466817,
NHB,all,asc,pnr_lb,-5.466817,
NHB,all,asc,knr_lb,-5.466817,
NHB,all,asc,w_eb,-5.466817,
NHB,all,asc,pnr_eb,-5.466817,
NHB,all,asc,knr_eb,-5.466817,
NHB,all,asc,w_brt,0.1,
NHB,all,asc,pnr_brt,0.1,
NHB,all,asc,knr_brt,0.1,
NHB,all,asc,w_cr,0.1,
NHB,all,asc,pnr_cr,0.1,
NHB,all,asc,knr_cr,0.1,
NHB,all,coeff,auto_op_cost,-0.1834,
NHB,all,coeff,ivt_drive,-0.02,
NHB,all,coeff,nm_time1,-0.05,
NHB,all,coeff,nm_time2,-0.075,
NHB,all,coeff,fare,-0.25,
NHB,all,coeff,ivt_transit,-0.02,
NHB,all,coeff,dwell_time,-0.02,
NHB,all,coeff,initial_wait1,-0.043,
NHB,all,coeff,initial_wait2,-0.02,
NHB,all,coeff,xfer_wait_time,-0.05,
NHB,all,coeff,access_walk_time,-0.05,
NHB,all,coeff,egress_walk_time,-0.05,
NHB,all,coeff,access_drive_time,-0.043,
NHB,all,coeff,egress_drive_time,-0.043,
NHB,all,coeff,xfer_walk_time,-0.05,
HBUV,all,asc,da,0,
HBUV,all,asc,sr2,-2.128502,
HBUV,all,asc,sr3,-2.277431,
HBUV,all,asc,walk,2.675274,
HBUV,all,asc,bike,0.056401,
HBUV,all,asc,w_lb,0.163659,
HBUV,all,asc,pnr_lb,0.163659,
HBUV,all,asc,knr_lb,0.163659,
HBUV,all,asc,w_eb,0.163659,
HBUV,all,asc,pnr_eb,0.163659,
HBUV,all,asc,knr_eb,0.163659,
HBUV,all,asc,w_brt,0.1,
HBUV,all,asc,pnr_brt,0.1,
HBUV,all,asc,knr_brt,0.1,
HBUV,all,asc,w_cr,0.1,
HBUV,all,asc,pnr_cr,0.1,
HBUV,all,asc,knr_cr,0.1,
HBUV,all,coeff,auto_op_cost,-0.16315,Borrowed coefficients from HBW_ilvs but students don't pay a fare
HBUV,all,coeff,ivt_drive,-0.025,
HBUV,all,coeff,nm_time1,-0.0625,
HBUV,all,coeff,nm_time2,-0.09375,
HBUV,all,coeff,fare,0,
HBUV,all,coeff,ivt_transit,-0.025,
HBUV,all,coeff,dwell_time,-0.025,
HBUV,all,coeff,initial_wait1,-0.05625,
HBUV,all,coeff,initial_wait2,-0.025,
HBUV,all,coeff,xfer_wait_time,-0.0625,
HBUV,all,coeff,access_walk_time,-0.0625,
HBUV,all,coeff,egress_walk_time,-0.0625,
HBUV,all,coeff,access_drive_time,-0.05625,
HBUV,all,coeff,egress_drive_time,-0.05625,
HBUV,all,coeff,xfer_walk_time,-0.0625,
HBUR,all,asc,da,0,
HBUR,all,asc,sr2,-2.121342,
HBUR,all,asc,sr3,-2.259954,
HBUR,all,asc,walk,1.084336,
HBUR,all,asc,bike,-0.843424,
HBUR,all,asc,w_lb,1.084727,
HBUR,all,asc,pnr_lb,1.084727,
HBUR,all,asc,knr_lb,1.084727,
HBUR,all,asc,w_eb,1.084727,
HBUR,all,asc,pnr_eb,1.084727,
HBUR,all,asc,knr_eb,1.084727,
HBUR,all,asc,w_brt,0.1,
HBUR,all,asc,pnr_brt,0.1,
HBUR,all,asc,knr_brt,0.1,
HBUR,all,asc,w_cr,0.1,
HBUR,all,asc,pnr_cr,0.1,
HBUR,all,asc,knr_cr,0.1,
HBUR,all,coeff,auto_op_cost,-0.16315,Borrowed coefficients from HBW_ilvs but students don't pay a fare
HBUR,all,coeff,ivt_drive,-0.025,
HBUR,all,coeff,nm_time1,-0.0625,
HBUR,all,coeff,nm_time2,-0.09375,
HBUR,all,coeff,fare,0,
HBUR,all,coeff,ivt_transit,-0.025,
HBUR,all,coeff,dwell_time,-0.025,
HBUR,all,coeff,initial_wait1,-0.05625,
HBUR,all,coeff,initial_wait2,-0.025,
HBUR,all,coeff,xfer_wait_time,-0.0625,
HBUR,all,coeff,access_walk_time,-0.0625,
HBUR,all,coeff,egress_walk_time,-0.0625,
HBUR,all,coeff,access_drive_time,-0.05625,
HBUR,all,coeff,egress_drive_time,-0.05625,
HBUR,all,coeff,xfer_walk_time,-0.0625,
sHBW,all,asc,da,0,
sHBW,all,asc,sr2,-1.047252,
sHBW,all,asc,sr3,-0.959819,
sHBW,all,asc,walk,9.893148,
sHBW,all,asc,bike,2.894663,
sHBW,all,asc,w_lb,-0.205358,
sHBW,all,asc,pnr_lb,-0.205358,
sHBW,all,asc,knr_lb,-0.205358,
sHBW,all,asc,w_eb,-0.205358,
sHBW,all,asc,pnr_eb,-0.205358,
sHBW,all,asc,knr_eb,-0.205358,
sHBW,all,asc,w_brt,0.1,
sHBW,all,asc,pnr_brt,0.1,
sHBW,all,asc,knr_brt,0.1,
sHBW,all,asc,w_cr,0.1,
sHBW,all,asc,pnr_cr,0.1,
sHBW,all,asc,knr_cr,0.1,
sHBW,all,coeff,auto_op_cost,-0.16315,Borrowed coefficients from HBW_ilvs but students don't pay a fare
sHBW,all,coeff,ivt_drive,-0.025,
sHBW,all,coeff,nm_time1,-0.0625,
sHBW,all,coeff,nm_time2,-0.09375,
sHBW,all,coeff,fare,0,
sHBW,all,coeff,ivt_transit,-0.025,
sHBW,all,coeff,dwell_time,-0.025,
sHBW,all,coeff,initial_wait1,-0.05625,
sHBW,all,coeff,initial_wait2,-0.025,
sHBW,all,coeff,xfer_wait_time,-0.0625,
sHBW,all,coeff,access_walk_time,-0.0625,
sHBW,all,coeff,egress_walk_time,-0.0625,
sHBW,all,coeff,access_drive_time,-0.05625,
sHBW,all,coeff,egress_drive_time,-0.05625,
sHBW,all,coeff,xfer_walk_time,-0.0625,
sHBO,all,asc,da,0,
sHBO,all,asc,sr2,-1.047252,
sHBO,all,asc,sr3,-0.959819,
sHBO,all,asc,walk,9.893148,
sHBO,all,asc,bike,2.894663,
sHBO,all,asc,w_lb,-0.205358,
sHBO,all,asc,pnr_lb,-0.205358,
sHBO,all,asc,knr_lb,-0.205358,
sHBO,all,asc,w_eb,-0.205358,
sHBO,all,asc,pnr_eb,-0.205358,
sHBO,all,asc,knr_eb,-0.205358,
sHBO,all,asc,w_brt,0.1,
sHBO,all,asc,pnr_brt,0.1,
sHBO,all,asc,knr_brt,0.1,
sHBO,all,asc,w_cr,0.1,
sHBO,all,asc,pnr_cr,0.1,
sHBO,all,asc,knr_cr,0.1,
sHBO,all,coeff,auto_op_cost,-0.24472,Borrowed coefficients from HBO_ilvs but students don't pay a fare
sHBO,all,coeff,ivt_drive,-0.015,
sHBO,all,coeff,nm_time1,-0.0375,
sHBO,all,coeff,nm_time2,-0.05625,
sHBO,all,coeff,fare,0,
sHBO,all,coeff,ivt_transit,-0.015,
sHBO,all,coeff,dwell_time,-0.015,
sHBO,all,coeff,initial_wait1,-0.03375,
sHBO,all,coeff,initial_wait2,-0.015,
sHBO,all,coeff,xfer_wait_time,-0.0375,
sHBO,all,coeff,access_walk_time,-0.0375,
sHBO,all,coeff,egress_walk_time,-0.0375,
sHBO,all,coeff,access_drive_time,-0.03375,
sHBO,all,coeff,egress_drive_time,-0.03375,
sHBO,all,coeff,xfer_walk_time,-0.0375,
sNHB,all,asc,da,0,
sNHB,all,asc,sr2,-1.153713,
sNHB,all,asc,sr3,-1.50426,
sNHB,all,asc,walk,11.207421,
sNHB,all,asc,bike,4.428222,
sNHB,all,asc,w_lb,-0.243974,
sNHB,all,asc,pnr_lb,-0.243974,
sNHB,all,asc,knr_lb,-0.243974,
sNHB,all,asc,w_eb,-0.243974,
sNHB,all,asc,pnr_eb,-0.243974,
sNHB,all,asc,knr_eb,-0.243974,
sNHB,all,asc,w_brt,0.1,
sNHB,all,asc,pnr_brt,0.1,
sNHB,all,asc,knr_brt,0.1,
sNHB,all,asc,w_cr,0.1,
sNHB,all,asc,pnr_cr,0.1,
sNHB,all,asc,knr_cr,0.1,
sNHB,all,coeff,auto_op_cost,-0.1834,Borrowed coefficients from NHB but students don't pay a fare
sNHB,all,coeff,ivt_drive,-0.02,
sNHB,all,coeff,nm_time1,-0.05,
sNHB,all,coeff,nm_time2,-0.075,
sNHB,all,coeff,fare,0,
sNHB,all,coeff,ivt_transit,-0.02,
sNHB,all,coeff,dwell_time,-0.02,
sNHB,all,coeff,initial_wait1,-0.043,
sNHB,all,coeff,initial_wait2,-0.02,
sNHB,all,coeff,xfer_wait_time,-0.05,
sNHB,all,coeff,access_walk_time,-0.05,
sNHB,all,coeff,egress_walk_time,-0.05,
sNHB,all,coeff,access_drive_time,-0.043,
sNHB,all,coeff,egress_drive_time,-0.043,
sNHB,all,coeff,xfer_walk_time,-0.05,
