avg,incH,incL,incMH,incML
0.22,0.0278,0.7294,0.0464,0.1964
0.23,0.0293,0.7200,0.0514,0.1993
0.24,0.0307,0.7110,0.0562,0.2021
0.25,0.0322,0.7018,0.0611,0.2049
0.26,0.0336,0.6928,0.0659,0.2077
0.27,0.0351,0.6840,0.0706,0.2103
0.28,0.0366,0.6751,0.0753,0.2130
0.29,0.0381,0.6665,0.0799,0.2155
0.3,0.0396,0.6579,0.0845,0.2180
0.31,0.0412,0.6493,0.0890,0.2205
0.32,0.0427,0.6409,0.0935,0.2229
0.33,0.0443,0.6325,0.0980,0.2252
0.34,0.0459,0.6243,0.1023,0.2275
0.35,0.0474,0.6161,0.1067,0.2298
0.36,0.0490,0.6081,0.1110,0.2319
0.37,0.0506,0.6001,0.1152,0.2341
0.38,0.0523,0.5922,0.1194,0.2361
0.39,0.0539,0.5843,0.1236,0.2382
0.4,0.0555,0.5767,0.1277,0.2401
0.41,0.0572,0.5690,0.1317,0.2421
0.42,0.0589,0.5615,0.1357,0.2439
0.43,0.0605,0.5541,0.1397,0.2457
0.44,0.0622,0.5467,0.1436,0.2475
0.45,0.0639,0.5394,0.1475,0.2492
0.46,0.0657,0.5321,0.1513,0.2509
0.47,0.0674,0.5250,0.1551,0.2525
0.48,0.0691,0.5181,0.1588,0.2540
0.49,0.0709,0.5110,0.1625,0.2556
0.5,0.0726,0.5042,0.1662,0.2570
0.51,0.0744,0.4975,0.1697,0.2584
0.52,0.0762,0.4907,0.1733,0.2598
0.53,0.0780,0.4841,0.1768,0.2611
0.54,0.0798,0.4775,0.1803,0.2624
0.55,0.0816,0.4711,0.1837,0.2636
0.56,0.0834,0.4647,0.1871,0.2648
0.57,0.0853,0.4584,0.1904,0.2659
0.58,0.0871,0.4522,0.1937,0.2670
0.59,0.0890,0.4460,0.1969,0.2681
0.6,0.0908,0.4400,0.2001,0.2691
0.61,0.0927,0.4340,0.2033,0.2700
0.62,0.0946,0.4281,0.2064,0.2709
0.63,0.0965,0.4222,0.2095,0.2718
0.64,0.0984,0.4165,0.2125,0.2726
0.65,0.1003,0.4108,0.2155,0.2734
0.66,0.1023,0.4051,0.2185,0.2741
0.67,0.1042,0.3996,0.2214,0.2748
0.68,0.1062,0.3941,0.2242,0.2755
0.69,0.1081,0.3887,0.2271,0.2761
0.7,0.1101,0.3834,0.2299,0.2766
0.71,0.1121,0.3782,0.2326,0.2771
0.72,0.1141,0.3730,0.2353,0.2776
0.73,0.1161,0.3678,0.2380,0.2781
0.74,0.1181,0.3628,0.2406,0.2785
0.75,0.1201,0.3579,0.2432,0.2788
0.76,0.1221,0.3531,0.2457,0.2791
0.77,0.1242,0.3482,0.2482,0.2794
0.78,0.1262,0.3434,0.2507,0.2797
0.79,0.1283,0.3387,0.2531,0.2799
0.8,0.1303,0.3342,0.2555,0.2800
0.81,0.1324,0.3295,0.2579,0.2802
0.82,0.1345,0.3250,0.2602,0.2803
0.83,0.1366,0.3206,0.2625,0.2803
0.84,0.1387,0.3163,0.2647,0.2803
0.85,0.1408,0.3120,0.2669,0.2803
0.86,0.1429,0.3077,0.2691,0.2803
0.87,0.1451,0.3035,0.2712,0.2802
0.88,0.1472,0.2995,0.2733,0.2800
0.89,0.1494,0.2954,0.2753,0.2799
0.9,0.1515,0.2915,0.2773,0.2797
0.91,0.1537,0.2875,0.2793,0.2795
0.92,0.1558,0.2837,0.2813,0.2792
0.93,0.1580,0.2799,0.2832,0.2789
0.94,0.1602,0.2762,0.2850,0.2786
0.95,0.1624,0.2725,0.2869,0.2782
0.96,0.1646,0.2689,0.2887,0.2778
0.97,0.1668,0.2653,0.2905,0.2774
0.98,0.1691,0.2618,0.2922,0.2769
0.99,0.1713,0.2584,0.2939,0.2764
1,0.1735,0.2550,0.2956,0.2759
1.01,0.1758,0.2517,0.2972,0.2753
1.02,0.1780,0.2484,0.2988,0.2748
1.03,0.1803,0.2452,0.3003,0.2742
1.04,0.1826,0.2421,0.3018,0.2735
1.05,0.1848,0.2390,0.3034,0.2728
1.06,0.1871,0.2359,0.3049,0.2721
1.07,0.1894,0.2330,0.3062,0.2714
1.08,0.1917,0.2300,0.3077,0.2706
1.09,0.1940,0.2271,0.3090,0.2699
1.1,0.1963,0.2243,0.3104,0.2690
1.11,0.1987,0.2215,0.3116,0.2682
1.12,0.2010,0.2188,0.3129,0.2673
1.13,0.2033,0.2161,0.3142,0.2664
1.14,0.2057,0.2135,0.3153,0.2655
1.15,0.2080,0.2109,0.3165,0.2646
1.16,0.2104,0.2084,0.3176,0.2636
1.17,0.2127,0.2059,0.3188,0.2626
1.18,0.2151,0.2035,0.3198,0.2616
1.19,0.2175,0.2011,0.3208,0.2606
1.2,0.2199,0.1988,0.3218,0.2595
1.21,0.2223,0.1965,0.3228,0.2584
1.22,0.2247,0.1942,0.3238,0.2573
1.23,0.2271,0.1920,0.3248,0.2561
1.24,0.2295,0.1899,0.3256,0.2550
1.25,0.2319,0.1878,0.3265,0.2538
1.26,0.2343,0.1857,0.3274,0.2526
1.27,0.2367,0.1837,0.3282,0.2514
1.28,0.2392,0.1817,0.3290,0.2501
1.29,0.2416,0.1798,0.3297,0.2489
1.3,0.2441,0.1779,0.3304,0.2476
1.31,0.2465,0.1761,0.3311,0.2463
1.32,0.2490,0.1742,0.3319,0.2449
1.33,0.2514,0.1725,0.3325,0.2436
1.34,0.2539,0.1708,0.3331,0.2422
1.35,0.2564,0.1691,0.3337,0.2408
1.36,0.2588,0.1674,0.3344,0.2394
1.37,0.2613,0.1658,0.3349,0.2380
1.38,0.2638,0.1643,0.3353,0.2366
1.39,0.2663,0.1627,0.3359,0.2351
1.4,0.2688,0.1612,0.3364,0.2336
1.41,0.2713,0.1598,0.3367,0.2322
1.42,0.2738,0.1584,0.3371,0.2307
1.43,0.2764,0.1570,0.3375,0.2291
1.44,0.2789,0.1556,0.3379,0.2276
1.45,0.2814,0.1543,0.3383,0.2260
1.46,0.2839,0.1530,0.3386,0.2245
1.47,0.2865,0.1518,0.3388,0.2229
1.48,0.2890,0.1506,0.3391,0.2213
1.49,0.2916,0.1494,0.3393,0.2197
1.5,0.2941,0.1482,0.3396,0.2181
1.51,0.2967,0.1471,0.3397,0.2165
1.52,0.2992,0.1460,0.3400,0.2148
1.53,0.3018,0.1450,0.3401,0.2131
1.54,0.3044,0.1440,0.3401,0.2115
1.55,0.3069,0.1430,0.3403,0.2098
1.56,0.3095,0.1420,0.3404,0.2081
1.57,0.3121,0.1411,0.3404,0.2064
1.58,0.3147,0.1402,0.3404,0.2047
1.59,0.3173,0.1393,0.3404,0.2030
1.6,0.3199,0.1384,0.3405,0.2012
1.61,0.3225,0.1376,0.3404,0.1995
1.62,0.3251,0.1368,0.3404,0.1977
1.63,0.3277,0.1360,0.3403,0.1960
1.64,0.3303,0.1353,0.3402,0.1942
1.65,0.3329,0.1346,0.3401,0.1924
1.66,0.3355,0.1339,0.3399,0.1907
1.67,0.3381,0.1332,0.3398,0.1889
1.68,0.3407,0.1325,0.3397,0.1871
1.69,0.3433,0.1319,0.3395,0.1853
1.7,0.3460,0.1313,0.3393,0.1834
1.71,0.3487,0.1307,0.3390,0.1816
1.72,0.3513,0.1301,0.3388,0.1798
1.73,0.3539,0.1296,0.3385,0.1780
1.74,0.3565,0.1291,0.3382,0.1762
1.75,0.3592,0.1286,0.3379,0.1743
1.76,0.3618,0.1281,0.3376,0.1725
1.77,0.3645,0.1276,0.3373,0.1706
1.78,0.3671,0.1272,0.3369,0.1688
1.79,0.3699,0.1267,0.3365,0.1669
1.8,0.3724,0.1263,0.3362,0.1651
1.81,0.3752,0.1259,0.3357,0.1632
1.82,0.3778,0.1255,0.3353,0.1614
1.83,0.3804,0.1252,0.3349,0.1595
1.84,0.3831,0.1248,0.3344,0.1577
1.85,0.3858,0.1245,0.3339,0.1558
1.86,0.3884,0.1242,0.3335,0.1539
1.87,0.3910,0.1239,0.3330,0.1521
1.88,0.3938,0.1236,0.3324,0.1502
1.89,0.3964,0.1233,0.3319,0.1484
1.9,0.3992,0.1230,0.3313,0.1465
1.91,0.4018,0.1228,0.3308,0.1446
1.92,0.4045,0.1225,0.3302,0.1428
1.93,0.4072,0.1223,0.3296,0.1409
1.94,0.4098,0.1221,0.3290,0.1391
1.95,0.4126,0.1218,0.3284,0.1372
1.96,0.4153,0.1216,0.3277,0.1354
1.97,0.4179,0.1214,0.3271,0.1336
1.98,0.4207,0.1212,0.3264,0.1317
1.99,0.4233,0.1211,0.3257,0.1299
2,0.4260,0.1209,0.3250,0.1281
2.01,0.4288,0.1207,0.3243,0.1262
2.02,0.4314,0.1206,0.3236,0.1244
2.03,0.4341,0.1204,0.3229,0.1226
2.04,0.4369,0.1202,0.3221,0.1208
2.05,0.4395,0.1201,0.3214,0.1190
2.06,0.4422,0.1200,0.3206,0.1172
2.07,0.4449,0.1198,0.3199,0.1154
2.08,0.4476,0.1197,0.3191,0.1136
2.09,0.4503,0.1195,0.3183,0.1119
2.1,0.4530,0.1194,0.3175,0.1101
2.11,0.4558,0.1193,0.3166,0.1083
2.12,0.4585,0.1191,0.3158,0.1066
2.13,0.4611,0.1190,0.3150,0.1049
2.14,0.4639,0.1189,0.3141,0.1031
2.15,0.4665,0.1188,0.3133,0.1014
2.16,0.4693,0.1186,0.3124,0.0997
2.17,0.4720,0.1185,0.3115,0.0980
2.18,0.4747,0.1184,0.3106,0.0963
2.19,0.4775,0.1182,0.3097,0.0946
2.2,0.4801,0.1181,0.3088,0.0930
2.21,0.4829,0.1179,0.3079,0.0913
2.22,0.4855,0.1178,0.3070,0.0897
2.23,0.4882,0.1176,0.3061,0.0881
2.24,0.4909,0.1175,0.3051,0.0865
2.25,0.4936,0.1173,0.3042,0.0849
2.26,0.4963,0.1172,0.3032,0.0833
2.27,0.4990,0.1170,0.3023,0.0817
2.28,0.5018,0.1168,0.3013,0.0801
2.29,0.5045,0.1166,0.3003,0.0786
2.3,0.5071,0.1164,0.2994,0.0771
2.31,0.5098,0.1162,0.2984,0.0756
2.32,0.5125,0.1160,0.2974,0.0741
2.33,0.5152,0.1158,0.2964,0.0726
2.34,0.5180,0.1155,0.2954,0.0711
2.35,0.5206,0.1153,0.2944,0.0697
2.36,0.5234,0.1150,0.2934,0.0682
2.37,0.5261,0.1148,0.2923,0.0668
2.38,0.5288,0.1145,0.2913,0.0654
2.39,0.5314,0.1142,0.2903,0.0641
2.4,0.5341,0.1139,0.2893,0.0627
2.41,0.5368,0.1136,0.2882,0.0614
2.42,0.5395,0.1132,0.2872,0.0601
2.43,0.5422,0.1129,0.2861,0.0588
2.44,0.5449,0.1125,0.2851,0.0575
2.45,0.5476,0.1122,0.2840,0.0562
2.46,0.5502,0.1118,0.2830,0.0550
2.47,0.5529,0.1114,0.2819,0.0538
2.48,0.5556,0.1109,0.2809,0.0526
2.49,0.5583,0.1105,0.2798,0.0514
2.5,0.5609,0.1100,0.2788,0.0503
