avg,wrk0,wrk1,wrk2,wrk3
0,0.9979,0.0000,0.0021,0.0000
0.01,0.9909,0.0021,0.0070,0.0000
0.02,0.9804,0.0078,0.0118,0.0000
0.03,0.9701,0.0135,0.0164,0.0000
0.04,0.9598,0.0192,0.0210,0.0000
0.05,0.9497,0.0248,0.0255,0.0000
0.06,0.9397,0.0304,0.0299,0.0000
0.07,0.9298,0.0360,0.0342,0.0000
0.08,0.9200,0.0416,0.0384,0.0000
0.09,0.9102,0.0472,0.0426,0.0000
0.1,0.9007,0.0527,0.0466,0.0000
0.11,0.8912,0.0582,0.0506,0.0000
0.12,0.8819,0.0637,0.0544,0.0000
0.13,0.8726,0.0692,0.0582,0.0000
0.14,0.8634,0.0746,0.0620,0.0000
0.15,0.8544,0.0800,0.0656,0.0000
0.16,0.8454,0.0854,0.0692,0.0000
0.17,0.8366,0.0908,0.0726,0.0000
0.18,0.8278,0.0961,0.0761,0.0000
0.19,0.8192,0.1014,0.0794,0.0000
0.2,0.8107,0.1066,0.0827,0.0000
0.21,0.8022,0.1119,0.0859,0.0000
0.22,0.7939,0.1171,0.0890,0.0000
0.23,0.7856,0.1223,0.0921,0.0000
0.24,0.7775,0.1274,0.0951,0.0000
0.25,0.7695,0.1325,0.0980,0.0000
0.26,0.7615,0.1376,0.1009,0.0000
0.27,0.7537,0.1426,0.1037,0.0000
0.28,0.7459,0.1476,0.1065,0.0000
0.29,0.7382,0.1526,0.1092,0.0000
0.3,0.7307,0.1575,0.1118,0.0000
0.31,0.7232,0.1624,0.1144,0.0000
0.32,0.7158,0.1673,0.1169,0.0000
0.33,0.7085,0.1721,0.1194,0.0000
0.34,0.7012,0.1769,0.1219,0.0000
0.35,0.6941,0.1816,0.1243,0.0000
0.36,0.6870,0.1864,0.1266,0.0000
0.37,0.6801,0.1910,0.1289,0.0000
0.38,0.6732,0.1957,0.1311,0.0000
0.39,0.6665,0.2002,0.1333,0.0000
0.4,0.6597,0.2048,0.1355,0.0000
0.41,0.6531,0.2093,0.1376,0.0000
0.42,0.6466,0.2137,0.1397,0.0000
0.43,0.6400,0.2182,0.1418,0.0000
0.44,0.6337,0.2225,0.1438,0.0000
0.45,0.6273,0.2269,0.1458,0.0000
0.46,0.6212,0.2311,0.1477,0.0000
0.47,0.6150,0.2354,0.1496,0.0000
0.48,0.6089,0.2396,0.1515,0.0000
0.49,0.6029,0.2437,0.1534,0.0000
0.5,0.5970,0.2478,0.1552,0.0000
0.51,0.5912,0.2518,0.1570,0.0000
0.52,0.5854,0.2558,0.1588,0.0000
0.53,0.5797,0.2598,0.1605,0.0000
0.54,0.5740,0.2637,0.1623,0.0000
0.55,0.5685,0.2675,0.1640,0.0000
0.56,0.5630,0.2713,0.1657,0.0000
0.57,0.5575,0.2751,0.1674,0.0000
0.58,0.5521,0.2788,0.1691,0.0000
0.59,0.5469,0.2824,0.1707,0.0000
0.6,0.5416,0.2860,0.1724,0.0000
0.61,0.5365,0.2895,0.1740,0.0000
0.62,0.5310,0.2930,0.1756,0.0004
0.63,0.5250,0.2964,0.1772,0.0014
0.64,0.5190,0.2998,0.1788,0.0024
0.65,0.5129,0.3031,0.1805,0.0035
0.66,0.5071,0.3063,0.1821,0.0045
0.67,0.5012,0.3095,0.1837,0.0056
0.68,0.4954,0.3126,0.1853,0.0067
0.69,0.4896,0.3157,0.1869,0.0078
0.7,0.4839,0.3187,0.1885,0.0089
0.71,0.4782,0.3217,0.1901,0.0100
0.72,0.4725,0.3246,0.1917,0.0112
0.73,0.4670,0.3274,0.1933,0.0123
0.74,0.4613,0.3302,0.1950,0.0135
0.75,0.4558,0.3329,0.1966,0.0147
0.76,0.4504,0.3355,0.1983,0.0158
0.77,0.4450,0.3381,0.1999,0.0170
0.78,0.4396,0.3406,0.2016,0.0182
0.79,0.4343,0.3430,0.2033,0.0194
0.8,0.4289,0.3454,0.2050,0.0207
0.81,0.4237,0.3477,0.2067,0.0219
0.82,0.4184,0.3500,0.2085,0.0231
0.83,0.4131,0.3522,0.2103,0.0244
0.84,0.4080,0.3543,0.2121,0.0256
0.85,0.4029,0.3563,0.2139,0.0269
0.86,0.3979,0.3583,0.2157,0.0281
0.87,0.3928,0.3602,0.2176,0.0294
0.88,0.3879,0.3620,0.2195,0.0306
0.89,0.3828,0.3638,0.2215,0.0319
0.9,0.3779,0.3655,0.2234,0.0332
0.91,0.3731,0.3671,0.2254,0.0344
0.92,0.3682,0.3686,0.2275,0.0357
0.93,0.3649,0.3686,0.2296,0.0369
0.94,0.3601,0.3700,0.2317,0.0382
0.95,0.3554,0.3713,0.2338,0.0395
0.96,0.3507,0.3726,0.2360,0.0407
0.97,0.3460,0.3737,0.2383,0.0420
0.98,0.3413,0.3750,0.2405,0.0432
0.99,0.3367,0.3759,0.2429,0.0445
1,0.3322,0.3769,0.2452,0.0457
1.01,0.3277,0.3777,0.2476,0.0470
1.02,0.3232,0.3785,0.2501,0.0482
1.03,0.3187,0.3793,0.2526,0.0494
1.04,0.3143,0.3799,0.2552,0.0506
1.05,0.3099,0.3805,0.2578,0.0518
1.06,0.3055,0.3810,0.2605,0.0530
1.07,0.3012,0.3813,0.2633,0.0542
1.08,0.2969,0.3816,0.2661,0.0554
1.09,0.2927,0.3818,0.2689,0.0566
1.1,0.2885,0.3819,0.2719,0.0577
1.11,0.2843,0.3820,0.2748,0.0589
1.12,0.2801,0.3820,0.2779,0.0600
1.13,0.2760,0.3819,0.2810,0.0611
1.14,0.2719,0.3816,0.2842,0.0623
1.15,0.2679,0.3814,0.2874,0.0633
1.16,0.2638,0.3810,0.2908,0.0644
1.17,0.2599,0.3804,0.2942,0.0655
1.18,0.2559,0.3800,0.2976,0.0665
1.19,0.2520,0.3792,0.3012,0.0676
1.2,0.2481,0.3785,0.3048,0.0686
1.21,0.2442,0.3777,0.3085,0.0696
1.22,0.2404,0.3768,0.3123,0.0705
1.23,0.2366,0.3758,0.3161,0.0715
1.24,0.2328,0.3748,0.3200,0.0724
1.25,0.2291,0.3735,0.3241,0.0733
1.26,0.2254,0.3722,0.3282,0.0742
1.27,0.2217,0.3708,0.3324,0.0751
1.28,0.2180,0.3694,0.3366,0.0760
1.29,0.2144,0.3678,0.3410,0.0768
1.3,0.2108,0.3661,0.3455,0.0776
1.31,0.2072,0.3644,0.3500,0.0784
1.32,0.2037,0.3625,0.3547,0.0791
1.33,0.2002,0.3606,0.3594,0.0798
1.34,0.1967,0.3595,0.3633,0.0805
1.35,0.1933,0.3574,0.3681,0.0812
1.36,0.1899,0.3551,0.3731,0.0819
1.37,0.1865,0.3527,0.3783,0.0825
1.38,0.1831,0.3503,0.3835,0.0831
1.39,0.1798,0.3477,0.3889,0.0836
1.4,0.1764,0.3450,0.3945,0.0841
1.41,0.1732,0.3423,0.3999,0.0846
1.42,0.1699,0.3394,0.4056,0.0851
1.43,0.1667,0.3364,0.4114,0.0855
1.44,0.1635,0.3333,0.4173,0.0859
1.45,0.1603,0.3301,0.4233,0.0863
1.46,0.1571,0.3268,0.4295,0.0866
1.47,0.1540,0.3234,0.4357,0.0869
1.48,0.1509,0.3199,0.4420,0.0872
1.49,0.1478,0.3163,0.4485,0.0874
1.5,0.1447,0.3126,0.4551,0.0876
1.51,0.1417,0.3088,0.4617,0.0878
1.52,0.1387,0.3048,0.4686,0.0879
1.53,0.1357,0.3008,0.4755,0.0880
1.54,0.1328,0.2966,0.4826,0.0880
1.55,0.1298,0.2923,0.4899,0.0880
1.56,0.1269,0.2879,0.4973,0.0879
1.57,0.1240,0.2834,0.5047,0.0879
1.58,0.1212,0.2788,0.5123,0.0877
1.59,0.1183,0.2741,0.5200,0.0876
1.6,0.1155,0.2693,0.5278,0.0874
1.61,0.1127,0.2643,0.5359,0.0871
1.62,0.1099,0.2593,0.5440,0.0868
1.63,0.1072,0.2541,0.5522,0.0865
1.64,0.1044,0.2488,0.5607,0.0861
1.65,0.1017,0.2434,0.5693,0.0856
1.66,0.0990,0.2378,0.5780,0.0852
1.67,0.0964,0.2322,0.5868,0.0846
1.68,0.0937,0.2264,0.5958,0.0841
1.69,0.0911,0.2205,0.6050,0.0834
1.7,0.0885,0.2145,0.6142,0.0828
